{"input_weights": [[-0.09771899506070271, -0.6698322747388998, -0.10347010953981332, -0.87518339640075, 0.3371304341327762, 0.7931100592255286, 0.4262647435243822, -0.019436991511381084, 0.048539341143720306, 0.6382328844480137], [0.3618672983295169, -0.5915561462960724, 0.942922701197086, 0.37377448681645004, 0.38200670729339015, 0.5806536528565881, 0.617912807187777, -0.3560972406824747, -0.6712292687441539, -0.11196112029203835]], "output_weights": [[-0.1734325336121519, 0.8318922452381268], [-0.27445722105112386, 0.46784007724331444], [0.32758505243934344, 0.9202140086588572], [0.750300758058157, 0.5869636789505608], [-0.7293940781092361, -0.8024996291993595], [0.33457334347208784, -0.009935291731884437], [-0.799946170375557, 0.25301793625276575], [-0.023231493781459448, -0.6731328867568509], [0.08154744695467794, 0.16823271037618973], [-0.7052684414212179, -1.0162968269202812]]}