{"input_weights": [[-0.5849138049947388, -0.19091329592912423, -1.192955532379164, -0.16874000227898697, -0.21503724117468712, -0.2979500408600479, -0.824181290446462, -0.7708715321685145, 0.25598406176206234, -0.20743050922442985], [-0.5108367184142861, 0.2726004525598577, -0.835900484802323, 0.4157443458234546, -0.9662688088984687, -0.8349580350303929, 0.3168640522332709, 0.6129039375037151, 0.36350875720745845, 0.8843172437249217]], "output_weights": [[0.04261247188132532, 0.37497746296695134], [-0.14970426763749603, 0.34846885687337426], [1.0169457680624223, -0.6814164476620325], [0.6026149917586419, -0.5192640407564953], [-0.557296983543341, -0.5943726485882692], [-0.6642381691921456, -0.4454865442583262], [0.22738115500450348, 0.3202361947140368], [0.38922291167800915, -0.804725977680289], [0.6545061799030205, 0.6767747789107644], [0.35077794241644333, 0.36906370458452625]]}